SourceFile,About,Artist,Caption-Abstract,CaptionWriter,Comment,CopyrightFlag,CopyrightNotice,Description,FileName,Headline,ObjectName,Rights,Subject,URL,WebStatement
/Users/alina/Desktop/nazomerse-werksessies/4_donderdag/beelden klaar voor publicatie/WorkspaceBarok/Aardappelplant1200dpi-u1WR4UcLLfFfMfWWYBK7EMFb.jpg,,,,,,,,,Aardappelplant1200dpi-u1WR4UcLLfFfMfWWYBK7EMFb.jpg,,,,,,
/Users/alina/Desktop/nazomerse-werksessies/4_donderdag/beelden klaar voor publicatie/WorkspaceBarok/DIG00270-PMqQRRacTDatZSjsdgZCi8eA.jpg,,,"
",,"
",True,"Stad Antwerpen, Vleeshuis © Collectiebeleid, Michel Wuyts","
",DIG00270-PMqQRRacTDatZSjsdgZCi8eA.jpg,"Anoniem, Buccin, 1ste helft 19de eeuw, Vleeshuis, inv.nr. VH 67.1.176",DIG-270,Foto: Michel Wuyts,,,
/Users/alina/Desktop/nazomerse-werksessies/4_donderdag/beelden klaar voor publicatie/WorkspaceBarok/DIG00271-N1d7wYrQXCQgSONXSv3KHaA3.jpg,,,,,"
         ",True,,"
         ",DIG00271-N1d7wYrQXCQgSONXSv3KHaA3.jpg,"Andreas Ruckers Den Ouden, Klavecimbel (SIC TRANSIT GLORIA MUNDI), 1644, muziekinstrument, Vleeshuis, inv.nr. VH 2137",,"Stad Antwerpen, Vleeshuis © Collectiebeleid, Michel Wuyts",,,
/Users/alina/Desktop/nazomerse-werksessies/4_donderdag/beelden klaar voor publicatie/WorkspaceBarok/DIG00275-nTKRldTPOQMYBZbLwDM2GPF6.jpg,,,"FOTO : Fotodienst Stedelijke Musea, Antwerpen
           Kolvenierstraat 20   B 2000 Antwerpen
           Tel : (03) 201.15.72
           Fax : (03) 231.93.87
           E-mail : fotodienst.musea@cs.antwerpen.be",Lowie De Peuter / Michel Wuyts,,,"Stad Antwerpen, Vleeshuis",,DIG00275-nTKRldTPOQMYBZbLwDM2GPF6.jpg,"Anoniem, Viool, 19de eeuw, muziekinstrument, Vleeshuis, inv.nr. A.V. 7896 en VH 22.H.102",DIG-275,Foto: Michel Wuyts,,,
/Users/alina/Desktop/nazomerse-werksessies/4_donderdag/beelden klaar voor publicatie/WorkspaceBarok/DIG00276-W2VAUcpVdXvWDDWmlrA5y5Sx.jpg,,,"FOTO : Fotodienst Stedelijke Musea, Antwerpen
           Kolvenierstraat 20   B 2000 Antwerpen
           Tel : (03) 201.15.72
           Fax : (03) 231.93.87
           E-mail : fotodienst.musea@cs.antwerpen.be",Lowie De Peuter / Michel Wuyts,,,"Stad Antwerpen, Vleeshuis",,DIG00276-W2VAUcpVdXvWDDWmlrA5y5Sx.jpg,"L. De Baecker, Positief, +-1750, muziekinstrument, Vleeshuis, inv.nr. VH 56.6",DIG-276,Foto: Michel Wuyts,,,
/Users/alina/Desktop/nazomerse-werksessies/4_donderdag/beelden klaar voor publicatie/WorkspaceBarok/DIG01023-UIrMheGunACOU9PhCYZam7o9.jpg,,,,Michel Wuyts,,True,"Stad Antwerpen, Vleeshuis, Michel Wuyts",,DIG01023-UIrMheGunACOU9PhCYZam7o9.jpg,"Gitaar Breton (voorzijde) , muziekinstrument, Vleeshuis, inv.nr. VH 3736",DIG01023,Foto: Michel Wuyts,,,
/Users/alina/Desktop/nazomerse-werksessies/4_donderdag/beelden klaar voor publicatie/WorkspaceBarok/DIG01178-q2mOoXLINKpKBTGYL6wZnhT4.jpg,,,"cat.nr. I, 497",Bart Huysmans,"cat.nr. I, 497",,"Antwerpen, Museum Mayer van den Bergh © Collectiebeleid","cat.nr. I, 497",DIG01178-q2mOoXLINKpKBTGYL6wZnhT4.jpg,,Rev.45/2259,Foto: Michel Wuyts,,,
/Users/alina/Desktop/nazomerse-werksessies/4_donderdag/beelden klaar voor publicatie/WorkspaceBarok/DIG01223-O1RReaSMQJYrHfPUjWg5IS3W.jpg,,,MMB 82,fotograaf : G. Cussac,MMB 82,True,"Antwerpen, museum Mayer van den Bergh © G. Cussac",MMB 82,DIG01223-O1RReaSMQJYrHfPUjWg5IS3W.jpg,,"cat. I, 478",Foto: G. Cussac,,,
/Users/alina/Desktop/nazomerse-werksessies/4_donderdag/beelden klaar voor publicatie/WorkspaceBarok/DIG01255-c1Vb8SZSPGjeZWSueCZX6gTh.jpg,,,,Lowie De Peuter / Michel Wuyts,,,"Museum Mayer van den Bergh, Antwerpen © Collectiebeleid",,DIG01255-c1Vb8SZSPGjeZWSueCZX6gTh.jpg,"Jan Wildens, Landschap met dode eik, cat.nr. I,484a",,Foto: Michel Wuyts en Louis De Peuter,,,
/Users/alina/Desktop/nazomerse-werksessies/4_donderdag/beelden klaar voor publicatie/WorkspaceBarok/DIG01261-O1FOaCqMKZjmlUMEfg30FFRo.jpg,,,,Michel Wuyts /Lowie de Peuter,,,"Stad Antwerpen, Museum Plantin Moretus © Collectiebeleid",,DIG01261-O1FOaCqMKZjmlUMEfg30FFRo.jpg,"P.P.Rubens, Stervende Seneca, inv.nr. 10.050",,Foto: Michel Wuyts en Louis De Peuter,,,
/Users/alina/Desktop/nazomerse-werksessies/4_donderdag/beelden klaar voor publicatie/WorkspaceBarok/DIG01555-M2NlReWVOa9AWZlWDkIPzGLb.jpg,,,"cat. I,20",,"cat. I,20",True,"Mayer van den Bergh © Collectiebeleid, Antwerpen","cat. I,20",DIG01555-M2NlReWVOa9AWZlWDkIPzGLb.jpg,,DIG-1555,,,,
/Users/alina/Desktop/nazomerse-werksessies/4_donderdag/beelden klaar voor publicatie/WorkspaceBarok/DIG01556-FK7XxGmSocRVVsncEZLWBaE4.jpg,,,"cat. I,10",,"cat. I,10",True,Mayer van den Bergh © Collectiebeleid,"cat. I,10",DIG01556-FK7XxGmSocRVVsncEZLWBaE4.jpg,,DIG-1556,,,,
/Users/alina/Desktop/nazomerse-werksessies/4_donderdag/beelden klaar voor publicatie/WorkspaceBarok/DIG01598-eeZfTDQhXJclwmHfc7KhXrN6.jpg,,,"cat. I, 924",,"cat. I, 924",True,"Museum Mayer van den Bergh, Antwerpen © Foto: Bart Huysmans","cat. I, 924",DIG01598-eeZfTDQhXJclwmHfc7KhXrN6.jpg,,DIG-1598,Foto: Bart Huysmans,,,
/Users/alina/Desktop/nazomerse-werksessies/4_donderdag/beelden klaar voor publicatie/WorkspaceBarok/DIG01607-HlMJSLShYKm2VWTBWNtFPR2c.jpg,,,"cat. I, 785",,"cat. I, 785",True,"Museum Mayer van den Bergh, Antwerpen © Foto: Bart Huysmans","cat. I, 785",DIG01607-HlMJSLShYKm2VWTBWNtFPR2c.jpg,,DIG-1607,Foto: Bart Huysmans,,,
/Users/alina/Desktop/nazomerse-werksessies/4_donderdag/beelden klaar voor publicatie/WorkspaceBarok/DIG01834-w2QISeXDaycUCcJuc6KpV3Vb.jpg,,,,,,,"Stad Antwerpen, Museum Plantin Moretus © Collectiebeleid, Michel Wuyts",,DIG01834-w2QISeXDaycUCcJuc6KpV3Vb.jpg,"P.P.Rubens, portret van Jeanne Rivière, inv.nr. V.IV.48",DIG-1834,Foto: Michel Wuyts,,,
/Users/alina/Desktop/nazomerse-werksessies/4_donderdag/beelden klaar voor publicatie/WorkspaceBarok/DIG02897-j2IGtaelUlWW6FjHSSdObA6s.jpg,,,,,,True,© Foto: Collectiebeleid,,DIG02897-j2IGtaelUlWW6FjHSSdObA6s.jpg,,,,,,
/Users/alina/Desktop/nazomerse-werksessies/4_donderdag/beelden klaar voor publicatie/WorkspaceBarok/DIG03883-k1COUJkcXX2UWOSbn8Hj3Hn9.jpg,,,inv.nr. : ,Bart Huysmans,inv.nr. : ,True,"museum Vleeshuis, Antwerpen © Foto: Bart Huysmans & Michel Wuyts",inv.nr. : ,DIG03883-k1COUJkcXX2UWOSbn8Hj3Hn9.jpg,,DIG03883,Foto: Bart Huysmans en Michel Wuyts,,"Collectiebeleid Musea stad Antwerpen
Falconrui 53, B 2000 Antwerpen
Tel.: ... 32 (0)3 - 206 03 50
e-mail: beeldregistratie@stad.antwerpen.be","Collectiebeleid Musea stad Antwerpen
Falconrui 53, B 2000 Antwerpen
Tel.: ... 32 (0)3 - 206 03 50
e-mail: beeldregistratie@stad.antwerpen.be"
/Users/alina/Desktop/nazomerse-werksessies/4_donderdag/beelden klaar voor publicatie/WorkspaceBarok/DIG03893-i2ILgSjwdFJTGOThChsBdej7.jpg,,,inv.nr. : ,Bart Huysmans,inv.nr. : ,True,"museum Vleeshuis, Antwerpen © Foto: Bart Huysmans & Michel Wuyts",inv.nr. : ,DIG03893-i2ILgSjwdFJTGOThChsBdej7.jpg,,DIG03893,Foto: Bart Huysmans en Michel Wuyts,,"Collectiebeleid Musea stad Antwerpen
Falconrui 53, B 2000 Antwerpen
Tel.: ... 32 (0)3 - 206 03 50
e-mail: beeldregistratie@stad.antwerpen.be","Collectiebeleid Musea stad Antwerpen
Falconrui 53, B 2000 Antwerpen
Tel.: ... 32 (0)3 - 206 03 50
e-mail: beeldregistratie@stad.antwerpen.be"
/Users/alina/Desktop/nazomerse-werksessies/4_donderdag/beelden klaar voor publicatie/WorkspaceBarok/DIG03967-C13bsfSQlFLgUWnLdD8kr4wY.jpg,,,inv.nr. : ,Bart Huysmans,inv.nr. : ,True,"museum Vleeshuis, Antwerpen © Foto: Bart Huysmans & Michel Wuyts",inv.nr. : ,DIG03967-C13bsfSQlFLgUWnLdD8kr4wY.jpg,,DIG03967,Foto: Bart Huysmans en Michel Wuyts,,"Collectiebeleid Musea stad Antwerpen
Falconrui 53, B 2000 Antwerpen
Tel.: ... 32 (0)3 - 206 03 50
e-mail: beeldregistratie@stad.antwerpen.be","Collectiebeleid Musea stad Antwerpen
Falconrui 53, B 2000 Antwerpen
Tel.: ... 32 (0)3 - 206 03 50
e-mail: beeldregistratie@stad.antwerpen.be"
/Users/alina/Desktop/nazomerse-werksessies/4_donderdag/beelden klaar voor publicatie/WorkspaceBarok/DIG03969-a1oyLVpXeIZTkIkMKZVEmcry.jpg,,,inv.nr. : ,Bart Huysmans,inv.nr. : ,True,"museum Vleeshuis, Antwerpen © Foto: Bart Huysmans & Michel Wuyts",inv.nr. : ,DIG03969-a1oyLVpXeIZTkIkMKZVEmcry.jpg,,DIG03969,Foto: Bart Huysmans en Michel Wuyts,,"Collectiebeleid Musea stad Antwerpen
Falconrui 53, B 2000 Antwerpen
Tel.: ... 32 (0)3 - 206 03 50
e-mail: beeldregistratie@stad.antwerpen.be","Collectiebeleid Musea stad Antwerpen
Falconrui 53, B 2000 Antwerpen
Tel.: ... 32 (0)3 - 206 03 50
e-mail: beeldregistratie@stad.antwerpen.be"
/Users/alina/Desktop/nazomerse-werksessies/4_donderdag/beelden klaar voor publicatie/WorkspaceBarok/DIG03971-FqBTaK5eIUggtabHRVGHDvYp.jpg,,,,,inv.nr. : AV.2139,True,,inv.nr. : AV.2139,DIG03971-FqBTaK5eIUggtabHRVGHDvYp.jpg,,,Foto: Bart Huysmans en Michel Wuyts,,beeldregistratie@stad.antwerpen.be,beeldregistratie@stad.antwerpen.be
/Users/alina/Desktop/nazomerse-werksessies/4_donderdag/beelden klaar voor publicatie/WorkspaceBarok/DIG04767-cJVWNVVeakUUcJJlsdChKnfA.jpg,,Steven Neyrinck +32 9 269 09 04,,,,False,,,DIG04767-cJVWNVVeakUUcJJlsdChKnfA.jpg,,,,,,
/Users/alina/Desktop/nazomerse-werksessies/4_donderdag/beelden klaar voor publicatie/WorkspaceBarok/DIG04768-IHGYDgXzJfyPslfSW6Nsm9Uf.jpg,,,,,,True,,,DIG04768-IHGYDgXzJfyPslfSW6Nsm9Uf.jpg,,,Foto: Steven Neyrinck,,,
/Users/alina/Desktop/nazomerse-werksessies/4_donderdag/beelden klaar voor publicatie/WorkspaceBarok/DIG06161-DehPNkeoPXWhIWdfYzDSOGGb.jpg,,,"Stijl: ""MMB studio""",,"Stijl: ""MMB studio""",True,© foto : Michel Wuyts,"Stijl: ""MMB studio""",DIG06161-DehPNkeoPXWhIWdfYzDSOGGb.jpg,,,Foto: Michel Wuyts,,,
/Users/alina/Desktop/nazomerse-werksessies/4_donderdag/beelden klaar voor publicatie/WorkspaceBarok/DIG06221-mcSKMScRCmnQfh7PstWnmhCY.jpg,,,"Stijl: ""MMB studio""",,"Stijl: ""MMB studio""",,,"Stijl: ""MMB studio""",DIG06221-mcSKMScRCmnQfh7PstWnmhCY.jpg,,,Foto: Bart Huysmans,,,
/Users/alina/Desktop/nazomerse-werksessies/4_donderdag/beelden klaar voor publicatie/WorkspaceBarok/DIG07315-llTZNRORdeXQuXenoCP7RRBa.jpg,,,collectie: Stad Antwerpen,Bart Huysmans,collectie: Stad Antwerpen,True,foto: Bart Huysmans & Michel Wuyts,collectie: Stad Antwerpen,DIG07315-llTZNRORdeXQuXenoCP7RRBa.jpg,,DIG07315,foto: Bart Huysmans & Michel Wuyts,AV.3194.15-55,"Collectiebeleid Musea stad Antwerpen
Falconrui 53, B 2000 Antwerpen
Tel.: ... 32 (0)3 - 206 03 50
e-mail: beeldregistratie@stad.antwerpen.be","Collectiebeleid Musea stad Antwerpen
Falconrui 53, B 2000 Antwerpen
Tel.: ... 32 (0)3 - 206 03 50
e-mail: beeldregistratie@stad.antwerpen.be"
/Users/alina/Desktop/nazomerse-werksessies/4_donderdag/beelden klaar voor publicatie/WorkspaceBarok/DIG07751-OMmSRPTOgUaGqkfWM2mmHq7O.jpg,,,,,,True,© Foto: Bart Huysmans & Michel Wuyts,,DIG07751-OMmSRPTOgUaGqkfWM2mmHq7O.jpg,,DIG07751,Foto: Bart Huysmans en Michel Wuyts,"AV.2117, PO4144",,
/Users/alina/Desktop/nazomerse-werksessies/4_donderdag/beelden klaar voor publicatie/WorkspaceBarok/DIG07753-J1PVbAYgNhTKNdiIMGL0QuuQ.jpg,,,"Stijl: ""VH zolder""",,"Stijl: ""VH zolder""",True,© Foto: Bart huysmans & Michel Wuyts,"Stijl: ""VH zolder""",DIG07753-J1PVbAYgNhTKNdiIMGL0QuuQ.jpg,,DIG07753,Foto: Bart Huysmans en Michel Wuyts,"AV.3738, PO4122",,
/Users/alina/Desktop/nazomerse-werksessies/4_donderdag/beelden klaar voor publicatie/WorkspaceBarok/DIG08397-FQbeJJH7QifKBacUWtPWR4qN.jpg,,,,,,True,© foto : Michel Wuyts,,DIG08397-FQbeJJH7QifKBacUWtPWR4qN.jpg,,,Foto: Michel Wuyts,,,
/Users/alina/Desktop/nazomerse-werksessies/4_donderdag/beelden klaar voor publicatie/WorkspaceBarok/DIG08406-d1SVpLOMlYtZIwZBMivxVifT.jpg,,,,,,True,,,DIG08406-d1SVpLOMlYtZIwZBMivxVifT.jpg,,,Foto: Michel Wuyts,,,
/Users/alina/Desktop/nazomerse-werksessies/4_donderdag/beelden klaar voor publicatie/WorkspaceBarok/DIG08409-FZMb84JvQgpICRGUAec7doUU.jpg,,,,,,,,,DIG08409-FZMb84JvQgpICRGUAec7doUU.jpg,,,Foto: Michel Wuyts,,,
/Users/alina/Desktop/nazomerse-werksessies/4_donderdag/beelden klaar voor publicatie/WorkspaceBarok/DIG08410-uoied7OwROcnZtIkB218F4dx.jpg,,,,,,True,© foto : Michel Wuyts,,DIG08410-uoied7OwROcnZtIkB218F4dx.jpg,,,Foto: Michel Wuyts,,,
/Users/alina/Desktop/nazomerse-werksessies/4_donderdag/beelden klaar voor publicatie/WorkspaceBarok/DIG08417-H1hvJYUitUhbrW58V97AAtqM.jpg,,,,,,True,© foto : Michel Wuyts,,DIG08417-H1hvJYUitUhbrW58V97AAtqM.jpg,,,Foto: Michel Wuyts,,,
/Users/alina/Desktop/nazomerse-werksessies/4_donderdag/beelden klaar voor publicatie/WorkspaceBarok/DIG08418-ePiaNadpOQABkCITfrxAgPe5.jpg,,,,,,,,,DIG08418-ePiaNadpOQABkCITfrxAgPe5.jpg,,,Foto: Michel Wuyts,,,
/Users/alina/Desktop/nazomerse-werksessies/4_donderdag/beelden klaar voor publicatie/WorkspaceBarok/DIG10882-y1goSXZhtQGkmUQaXWgnL46T.jpg,,,,,,True,foto : Bart Huysmans & Michel Wuyts,,DIG10882-y1goSXZhtQGkmUQaXWgnL46T.jpg,,,Foto: Bart Huysmans en Michel Wuyts,MMB.0057,,
/Users/alina/Desktop/nazomerse-werksessies/4_donderdag/beelden klaar voor publicatie/WorkspaceBarok/DIG10883-F1YSfkQQ2cKUs1ffgNSC5jwg.jpg,,,,,,True,foto : Bart Huysmans & Michel Wuyts,,DIG10883-F1YSfkQQ2cKUs1ffgNSC5jwg.jpg,,,Foto: Bart Huysmans en Michel Wuyts,MMB.0061,,
/Users/alina/Desktop/nazomerse-werksessies/4_donderdag/beelden klaar voor publicatie/WorkspaceBarok/DIG10885-q2edCaqCchXIekWOkgsePuT8.jpg,,,,,,True,foto : Bart Huysmans & Michel Wuyts,,DIG10885-q2edCaqCchXIekWOkgsePuT8.jpg,,,Foto: Bart Huysmans en Michel Wuyts,MMB.0076,,
/Users/alina/Desktop/nazomerse-werksessies/4_donderdag/beelden klaar voor publicatie/WorkspaceBarok/DIG10894-YdYiSGJIlWYMlOWj9vcWuPaG.jpg,,,,,,True,foto : Bart Huysmans & Michel Wuyts,,DIG10894-YdYiSGJIlWYMlOWj9vcWuPaG.jpg,,,Foto: Bart Huysmans en Michel Wuyts,MMB.0118,,
/Users/alina/Desktop/nazomerse-werksessies/4_donderdag/beelden klaar voor publicatie/WorkspaceBarok/DIG10999-P2GpmDJTeMQRcI8ZZVthraWQ.jpg,,,"Stijl: ""MMB_schilderij""",,"Stijl: ""MMB_schilderij""",True,foto : Bart Huysmans,"Stijl: ""MMB_schilderij""",DIG10999-P2GpmDJTeMQRcI8ZZVthraWQ.jpg,,,Foto: Bart Huysmans,,,
/Users/alina/Desktop/nazomerse-werksessies/4_donderdag/beelden klaar voor publicatie/WorkspaceBarok/DIG11010-ILhlV6ZzIeHvXSJPhfQZkHuW.jpg,,,,,,True,foto : Bart Huysmans & Michel Wuyts,,DIG11010-ILhlV6ZzIeHvXSJPhfQZkHuW.jpg,,,Foto: Bart Huysmans en Michel Wuyts,,,
/Users/alina/Desktop/nazomerse-werksessies/4_donderdag/beelden klaar voor publicatie/WorkspaceBarok/DIG12426-LMbXHaOGZquVKDbxeCJZ0tZS.jpg,,,,,,True,,,DIG12426-LMbXHaOGZquVKDbxeCJZ0tZS.jpg,,,Foto: Michel Wuyts,,,
/Users/alina/Desktop/nazomerse-werksessies/4_donderdag/beelden klaar voor publicatie/WorkspaceBarok/DIG13992-b1TTALWKYMHrRUbKSMiuNvoV.jpg,,,,,,True,,,DIG13992-b1TTALWKYMHrRUbKSMiuNvoV.jpg,,,Foto: Bart Huysmans en Michel Wuyts,,,
/Users/alina/Desktop/nazomerse-werksessies/4_donderdag/beelden klaar voor publicatie/WorkspaceBarok/DIG13993-PAcQLSgCU8iLH7G8n9vP6QIu.jpg,,,,,,True,,,DIG13993-PAcQLSgCU8iLH7G8n9vP6QIu.jpg,,,Foto: Bart Huysmans en Michel Wuyts,,,
/Users/alina/Desktop/nazomerse-werksessies/4_donderdag/beelden klaar voor publicatie/WorkspaceBarok/DIG13996-g1jvBTTlldPPdbgUJlRzUH7q.jpg,,,,,,True,,,DIG13996-g1jvBTTlldPPdbgUJlRzUH7q.jpg,,,Foto: Bart Huysmans en Michel Wuyts,,,
/Users/alina/Desktop/nazomerse-werksessies/4_donderdag/beelden klaar voor publicatie/WorkspaceBarok/DIG14000-kKAM9PAfdWQW1nFTIe9mH4nU.jpg,,,,,,True,,,DIG14000-kKAM9PAfdWQW1nFTIe9mH4nU.jpg,,,Foto: Bart Huysmans en Michel Wuyts,,,
/Users/alina/Desktop/nazomerse-werksessies/4_donderdag/beelden klaar voor publicatie/WorkspaceBarok/DIG14114-Z1gQkOjXD4GipqJeD2FJ5YIj.jpg,,,,,,True,,,DIG14114-Z1gQkOjXD4GipqJeD2FJ5YIj.jpg,,,Foto: Bart Huysmans en Michel Wuyts,Bourla maquette,,
/Users/alina/Desktop/nazomerse-werksessies/4_donderdag/beelden klaar voor publicatie/WorkspaceBarok/DIG14130-w1abaooWMMBdUHjMiLWrjHAi.jpg,,,,,,True,,,DIG14130-w1abaooWMMBdUHjMiLWrjHAi.jpg,,,Foto: Bart Huysmans en Michel Wuyts,,,
/Users/alina/Desktop/nazomerse-werksessies/4_donderdag/beelden klaar voor publicatie/WorkspaceBarok/DIG14131-i2HOKYYbLb8XjPgWFm2TiPZg.jpg,,,,,,True,,,DIG14131-i2HOKYYbLb8XjPgWFm2TiPZg.jpg,,,Foto: Bart Huysmans en Michel Wuyts,,,
/Users/alina/Desktop/nazomerse-werksessies/4_donderdag/beelden klaar voor publicatie/WorkspaceBarok/DIG14132-RDKGXNMimVwQGZdUEeXA5Nk5.jpg,,,,,,True,,,DIG14132-RDKGXNMimVwQGZdUEeXA5Nk5.jpg,,,Foto: Bart Huysmans en Michel Wuyts,,,
/Users/alina/Desktop/nazomerse-werksessies/4_donderdag/beelden klaar voor publicatie/WorkspaceBarok/DIG14134-o1JYXbLbVZk3XTSDSKxrjcq6.jpg,,,,,,True,,,DIG14134-o1JYXbLbVZk3XTSDSKxrjcq6.jpg,,,Foto: Bart Huysmans en Michel Wuyts,,,
/Users/alina/Desktop/nazomerse-werksessies/4_donderdag/beelden klaar voor publicatie/WorkspaceBarok/DIG14561-JQElcRCdVjIAmJbTaDRNHyUh.jpg,,,,,,True,,,DIG14561-JQElcRCdVjIAmJbTaDRNHyUh.jpg,,,Foto: Bart Huysmans en Michel Wuyts,,,
/Users/alina/Desktop/nazomerse-werksessies/4_donderdag/beelden klaar voor publicatie/WorkspaceBarok/DIG14591-s1FdDF7SRWNdAkMWyPVBFcTY.jpg,,,,,,True,,,DIG14591-s1FdDF7SRWNdAkMWyPVBFcTY.jpg,,,Foto: Bart Huysmans en Michel Wuyts,,,
/Users/alina/Desktop/nazomerse-werksessies/4_donderdag/beelden klaar voor publicatie/WorkspaceBarok/DIG15345-TQTeSo9VZGOCCOajiHkl13oL.jpg,,,,,,True,,,DIG15345-TQTeSo9VZGOCCOajiHkl13oL.jpg,,,Foto: Bart Huysmans en Michel Wuyts,,,
/Users/alina/Desktop/nazomerse-werksessies/4_donderdag/beelden klaar voor publicatie/WorkspaceBarok/DIG15346-R2QhTYYTEKkaubPIcffSIlZh.jpg,,,,,,True,,,DIG15346-R2QhTYYTEKkaubPIcffSIlZh.jpg,,,Foto: Bart Huysmans en Michel Wuyts,,,
/Users/alina/Desktop/nazomerse-werksessies/4_donderdag/beelden klaar voor publicatie/WorkspaceBarok/DIG15349-X1dboiLfUIejPddlUTylT4aq.jpg,,,,,,True,,,DIG15349-X1dboiLfUIejPddlUTylT4aq.jpg,,,Foto: Bart Huysmans en Michel Wuyts,,,
/Users/alina/Desktop/nazomerse-werksessies/4_donderdag/beelden klaar voor publicatie/WorkspaceBarok/DIG15727-n29fMcuQbGHDFQaSqhraJH5q.jpg,,,,,,True,© Foto: Bart Huysmans & Michel Wuyts,,DIG15727-n29fMcuQbGHDFQaSqhraJH5q.jpg,,,Foto: Bart Huysmans en Michel Wuyts,AV.2001.001.002,,
/Users/alina/Desktop/nazomerse-werksessies/4_donderdag/beelden klaar voor publicatie/WorkspaceBarok/DIG15730-QkJJYUbaVadRTiJhOrfYudNM.jpg,,,,,,True,,,DIG15730-QkJJYUbaVadRTiJhOrfYudNM.jpg,,,Foto: Bart Huysmans en Michel Wuyts,AV.2001.001.004,,
/Users/alina/Desktop/nazomerse-werksessies/4_donderdag/beelden klaar voor publicatie/WorkspaceBarok/DIG15734-P1nnWRqelQdPN9Pd9aC2NxWU.jpg,,,,,,True,© Foto: Bart Huysmans & Michel Wuyts,,DIG15734-P1nnWRqelQdPN9Pd9aC2NxWU.jpg,,,Foto: Bart Huysmans en Michel Wuyts,AV.2001.001.007,,
/Users/alina/Desktop/nazomerse-werksessies/4_donderdag/beelden klaar voor publicatie/WorkspaceBarok/DIG15737-B1agLWQdfISd9DGaFPh39Jpi.jpg,,,,,,True,© Foto: Bart Huysmans & Michel Wuyts,,DIG15737-B1agLWQdfISd9DGaFPh39Jpi.jpg,,,Foto: Bart Huysmans en Michel Wuyts,AV.2001.001.008,,
/Users/alina/Desktop/nazomerse-werksessies/4_donderdag/beelden klaar voor publicatie/WorkspaceBarok/DIG15740-jHnNfbH8Jr6ZHt6XMJtvUwDZ.jpg,,,,,,True,© Foto: Bart Huysmans & Michel Wuyts,,DIG15740-jHnNfbH8Jr6ZHt6XMJtvUwDZ.jpg,,,Foto: Bart Huysmans en Michel Wuyts,AV.2001.001.009,,
/Users/alina/Desktop/nazomerse-werksessies/4_donderdag/beelden klaar voor publicatie/WorkspaceBarok/DIG15743-V2cKWjlZdpHJeZSCoNbE3Gw1.jpg,,,,,,True,© Foto: Bart Huysmans & Michel Wuyts,,DIG15743-V2cKWjlZdpHJeZSCoNbE3Gw1.jpg,,,Foto: Bart Huysmans en Michel Wuyts,AV.2001.001.010,,
/Users/alina/Desktop/nazomerse-werksessies/4_donderdag/beelden klaar voor publicatie/WorkspaceBarok/DIG15746-E1CSQVVTfEbgZHsiUdTfulRt.jpg,,,,,,True,© Foto: Bart Huysmans & Michel Wuyts,,DIG15746-E1CSQVVTfEbgZHsiUdTfulRt.jpg,,,Foto: Bart Huysmans en Michel Wuyts,AV.2001.001.012,,
/Users/alina/Desktop/nazomerse-werksessies/4_donderdag/beelden klaar voor publicatie/WorkspaceBarok/DIG15749-R2LhZiVTFIdhMmS7mVibqcz5.jpg,,,,,,True,© Foto: Bart Huysmans & Michel Wuyts,,DIG15749-R2LhZiVTFIdhMmS7mVibqcz5.jpg,,,Foto: Bart Huysmans en Michel Wuyts,AV.2001.001.013,,
/Users/alina/Desktop/nazomerse-werksessies/4_donderdag/beelden klaar voor publicatie/WorkspaceBarok/DIG15760-G1dVXgyFh9OdPuZZS7Ai2eQB.jpg,,,,,,True,© Foto: Bart Huysmans & Michel Wuyts,,DIG15760-G1dVXgyFh9OdPuZZS7Ai2eQB.jpg,,,Foto: Bart Huysmans en Michel Wuyts,AV.2001.0001.027,,
/Users/alina/Desktop/nazomerse-werksessies/4_donderdag/beelden klaar voor publicatie/WorkspaceBarok/DIG15762-f1llW2j9QLgQNFdOqNPcbmed.jpg,,,,,,True,© Foto: Bart Huysmans & Michel Wuyts,,DIG15762-f1llW2j9QLgQNFdOqNPcbmed.jpg,,,Foto: Bart Huysmans en Michel Wuyts,AV.2001.001.029,,
/Users/alina/Desktop/nazomerse-werksessies/4_donderdag/beelden klaar voor publicatie/WorkspaceBarok/DIG15767-M1baMXF4iKpaXcWIRbJYKY8B.jpg,,,"Stijl: ""2012 trommel""",,"Stijl: ""2012 trommel""",True,,"Stijl: ""2012 trommel""",DIG15767-M1baMXF4iKpaXcWIRbJYKY8B.jpg,,,Foto: Bart Huysmans en Michel Wuyts,,,
/Users/alina/Desktop/nazomerse-werksessies/4_donderdag/beelden klaar voor publicatie/WorkspaceBarok/DIG15769-i1XGdaSiPKcpPPYbGSAVxxkQ.jpg,,,,,,True,© Foto: Bart Huysmans & Michel Wuyts,,DIG15769-i1XGdaSiPKcpPPYbGSAVxxkQ.jpg,,,Foto: Bart Huysmans en Michel Wuyts,AV.2001.001.043,,
/Users/alina/Desktop/nazomerse-werksessies/4_donderdag/beelden klaar voor publicatie/WorkspaceBarok/DIG15773-D2YpPadWFFPfeGLShhZwheaa.jpg,,,,,,True,© Foto: Bart Huysmans & Michel Wuyts,,DIG15773-D2YpPadWFFPfeGLShhZwheaa.jpg,,,Foto: Bart Huysmans en Michel Wuyts,AV.2006.008,,
/Users/alina/Desktop/nazomerse-werksessies/4_donderdag/beelden klaar voor publicatie/WorkspaceBarok/DIG15784-t2PXWaIacbLDoavXrNl2PmY8.jpg,,,,,,True,© Foto: Bart Huysmans & Michel Wuyts,,DIG15784-t2PXWaIacbLDoavXrNl2PmY8.jpg,,,Foto: Bart Huysmans en Michel Wuyts,AV.2011.022.004,,
/Users/alina/Desktop/nazomerse-werksessies/4_donderdag/beelden klaar voor publicatie/WorkspaceBarok/DIG15790-W2geL9dSOeWbX8QCFj3jI4S9.jpg,,,,,,True,© Foto: Bart Huysmans & Michel Wuyts,,DIG15790-W2geL9dSOeWbX8QCFj3jI4S9.jpg,,,Foto: Bart Huysmans en Michel Wuyts,AV.2011.022.009,,
/Users/alina/Desktop/nazomerse-werksessies/4_donderdag/beelden klaar voor publicatie/WorkspaceBarok/DIG15795-s2XHHcQXre9jpTOfIAXB05jt.jpg,,,,,,True,© Foto: Bart Huysmans & Michel Wuyts,,DIG15795-s2XHHcQXre9jpTOfIAXB05jt.jpg,,,Foto: Bart Huysmans en Michel Wuyts,AV.2116,,
/Users/alina/Desktop/nazomerse-werksessies/4_donderdag/beelden klaar voor publicatie/WorkspaceBarok/DIG15796-w2A4R9wFmObXRJtGjXG3T2jp.jpg,,,,,,True,© Foto: Bart Huysmans & Michel Wuyts,,DIG15796-w2A4R9wFmObXRJtGjXG3T2jp.jpg,,,Foto: Bart Huysmans en Michel Wuyts,AV.2118,,
/Users/alina/Desktop/nazomerse-werksessies/4_donderdag/beelden klaar voor publicatie/WorkspaceBarok/DIG15798-rTHCVeZKahmXDHATSLO19vHk.jpg,,,,,,True,© Foto: Bart Huysmans & Michel Wuyts,,DIG15798-rTHCVeZKahmXDHATSLO19vHk.jpg,,,Foto: Bart Huysmans en Michel Wuyts,AV.2121,,
/Users/alina/Desktop/nazomerse-werksessies/4_donderdag/beelden klaar voor publicatie/WorkspaceBarok/DIG15801-bV8sTsFODvnEDLfjmPaqaWQM.jpg,,,,,,True,© Foto: Bart Huysmans & Michel Wuyts,,DIG15801-bV8sTsFODvnEDLfjmPaqaWQM.jpg,,,Foto: Bart Huysmans en Michel Wuyts,AV.2127,,
/Users/alina/Desktop/nazomerse-werksessies/4_donderdag/beelden klaar voor publicatie/WorkspaceBarok/DIG15813-GMNo7LAOe1UWMEYeQOOXEABr.jpg,,,,,,True,© Foto: Bart Huysmans & Michel Wuyts,,DIG15813-GMNo7LAOe1UWMEYeQOOXEABr.jpg,,,Foto: Bart Huysmans en Michel Wuyts,AV.2141,,
/Users/alina/Desktop/nazomerse-werksessies/4_donderdag/beelden klaar voor publicatie/WorkspaceBarok/DIG15817-GDUP96LXmMkYEdOmiZwda4pN.jpg,,,,,,True,© Foto: Bart Huysmans & Michel Wuyts,,DIG15817-GDUP96LXmMkYEdOmiZwda4pN.jpg,,,Foto: Bart Huysmans en Michel Wuyts,AV.2143,,
/Users/alina/Desktop/nazomerse-werksessies/4_donderdag/beelden klaar voor publicatie/WorkspaceBarok/DIG15819-uVwPVHMaXVD2ZjdSaAiaKrUr.jpg,,,,,,True,© Foto: Bart Huysmans & Michel Wuyts,,DIG15819-uVwPVHMaXVD2ZjdSaAiaKrUr.jpg,,,Foto: Bart Huysmans en Michel Wuyts,AV.2145,,
/Users/alina/Desktop/nazomerse-werksessies/4_donderdag/beelden klaar voor publicatie/WorkspaceBarok/DIG15820-nYLUWTAJUhTSuNgXXCkZmdAP.jpg,,,,,,True,© Foto: Bart Huysmans & Michel Wuyts,,DIG15820-nYLUWTAJUhTSuNgXXCkZmdAP.jpg,,,Foto: Bart Huysmans en Michel Wuyts,AV.2148,,
/Users/alina/Desktop/nazomerse-werksessies/4_donderdag/beelden klaar voor publicatie/WorkspaceBarok/DIG15833-d1afWDbxTNL5PdrGXQX4nsvI.jpg,,,,,,True,© Foto: Bart Huysmans & Michel Wuyts,,DIG15833-d1afWDbxTNL5PdrGXQX4nsvI.jpg,,,Foto: Bart Huysmans en Michel Wuyts,AV.3740,,
/Users/alina/Desktop/nazomerse-werksessies/4_donderdag/beelden klaar voor publicatie/WorkspaceBarok/DIG15839-Q2PlNIjujQWVTYo2kVQcf7OK.jpg,,,,,,True,© Foto: Bart Huysmans & Michel Wuyts,,DIG15839-Q2PlNIjujQWVTYo2kVQcf7OK.jpg,,,Foto: Bart Huysmans en Michel Wuyts,AV.3758,,
/Users/alina/Desktop/nazomerse-werksessies/4_donderdag/beelden klaar voor publicatie/WorkspaceBarok/DIG15970-w1lKYIXYJJoON9cxedG2BXOd.jpg,,,,,,True,,,DIG15970-w1lKYIXYJJoON9cxedG2BXOd.jpg,,,Foto: Bart Huysmans en Michel Wuyts,,,
/Users/alina/Desktop/nazomerse-werksessies/4_donderdag/beelden klaar voor publicatie/WorkspaceBarok/DIG15985-AUWPnTaP8RPXkYiCUrDmtrHS.jpg,,,,,,True,,,DIG15985-AUWPnTaP8RPXkYiCUrDmtrHS.jpg,,,Foto: Bart Huysmans en Michel Wuyts,,,
/Users/alina/Desktop/nazomerse-werksessies/4_donderdag/beelden klaar voor publicatie/WorkspaceBarok/DIG15988-RXg9FZQXGK69VJIHXN9pmoCE.jpg,,,,,,True,,,DIG15988-RXg9FZQXGK69VJIHXN9pmoCE.jpg,,,Foto: Bart Huysmans en Michel Wuyts,,,
/Users/alina/Desktop/nazomerse-werksessies/4_donderdag/beelden klaar voor publicatie/WorkspaceBarok/DIG15998-R5HimLPkFy5TYQ7aSFAy4s42.jpg,,,,,,True,,,DIG15998-R5HimLPkFy5TYQ7aSFAy4s42.jpg,,,Foto: Bart Huysmans en Michel Wuyts,,,
/Users/alina/Desktop/nazomerse-werksessies/4_donderdag/beelden klaar voor publicatie/WorkspaceBarok/DIG16005-E1QSEqcQhjNYVZD7JFyiP4v0.jpg,,,,,,True,,,DIG16005-E1QSEqcQhjNYVZD7JFyiP4v0.jpg,,,Foto: Bart Huysmans en Michel Wuyts,,,
/Users/alina/Desktop/nazomerse-werksessies/4_donderdag/beelden klaar voor publicatie/WorkspaceBarok/DIG16017-xV6iUgBEWcrYcMnFN08SXd4h.jpg,,,,,,True,,,DIG16017-xV6iUgBEWcrYcMnFN08SXd4h.jpg,,,Foto: Bart Huysmans en Michel Wuyts,,,
/Users/alina/Desktop/nazomerse-werksessies/4_donderdag/beelden klaar voor publicatie/WorkspaceBarok/DIG16023-m2IhWWpGRTTSQSvTSRmDuD7V.jpg,,,,,,True,,,DIG16023-m2IhWWpGRTTSQSvTSRmDuD7V.jpg,,,Foto: Bart Huysmans en Michel Wuyts,,,
/Users/alina/Desktop/nazomerse-werksessies/4_donderdag/beelden klaar voor publicatie/WorkspaceBarok/DIG16028-Z1HmNffJhkcCepUWbq224dk9.jpg,,,,,,True,,,DIG16028-Z1HmNffJhkcCepUWbq224dk9.jpg,,,Foto: Bart Huysmans en Michel Wuyts,,,
/Users/alina/Desktop/nazomerse-werksessies/4_donderdag/beelden klaar voor publicatie/WorkspaceBarok/DIG16029-b2ZgdOSSJpnTtZOBnN28On2c.jpg,,,,,,True,,,DIG16029-b2ZgdOSSJpnTtZOBnN28On2c.jpg,,,Foto: Bart Huysmans en Michel Wuyts,,,
/Users/alina/Desktop/nazomerse-werksessies/4_donderdag/beelden klaar voor publicatie/WorkspaceBarok/DIG16032-sySGTvlCcSUqIaFY7KDZSjiv.jpg,,,,,,True,,,DIG16032-sySGTvlCcSUqIaFY7KDZSjiv.jpg,,,Foto: Bart Huysmans en Michel Wuyts,,,
/Users/alina/Desktop/nazomerse-werksessies/4_donderdag/beelden klaar voor publicatie/WorkspaceBarok/DIG16038-Y1YvceYKkNWyQYURbQItZ5eJ.jpg,,,,,,True,,,DIG16038-Y1YvceYKkNWyQYURbQItZ5eJ.jpg,,,Foto: Bart Huysmans en Michel Wuyts,,,
/Users/alina/Desktop/nazomerse-werksessies/4_donderdag/beelden klaar voor publicatie/WorkspaceBarok/DIG16041-H2IkOegAOXKWSWbPgq0HO6F4.jpg,,,,,,True,,,DIG16041-H2IkOegAOXKWSWbPgq0HO6F4.jpg,,,Foto: Bart Huysmans en Michel Wuyts,,,
/Users/alina/Desktop/nazomerse-werksessies/4_donderdag/beelden klaar voor publicatie/WorkspaceBarok/DIG16042-s5V9ZTOeMQPh5OZLjUwHNOdv.jpg,,,,,,True,,,DIG16042-s5V9ZTOeMQPh5OZLjUwHNOdv.jpg,,,Foto: Bart Huysmans en Michel Wuyts,,,
/Users/alina/Desktop/nazomerse-werksessies/4_donderdag/beelden klaar voor publicatie/WorkspaceBarok/DIG16043-o2NcZTBhW79JATBAiOHGEGn1.jpg,,,,,,True,,,DIG16043-o2NcZTBhW79JATBAiOHGEGn1.jpg,,,Foto: Bart Huysmans en Michel Wuyts,,,
/Users/alina/Desktop/nazomerse-werksessies/4_donderdag/beelden klaar voor publicatie/WorkspaceBarok/DIG16680-r2Xr3JaTgmFgvGvjjdFrw9tT.jpg,,,,,,True,,,DIG16680-r2Xr3JaTgmFgvGvjjdFrw9tT.jpg,,,Foto: Bart Huysmans en Michel Wuyts,,,
/Users/alina/Desktop/nazomerse-werksessies/4_donderdag/beelden klaar voor publicatie/WorkspaceBarok/DIG16824-U28QOkReLYDdloSZtSLl0llb.jpg,,,,,,True,,,DIG16824-U28QOkReLYDdloSZtSLl0llb.jpg,,,Foto: Bart Huysmans en Michel Wuyts,,,
/Users/alina/Desktop/nazomerse-werksessies/4_donderdag/beelden klaar voor publicatie/WorkspaceBarok/DIG16825-TMOGEYYObhPKjGHbGc2332nv.jpg,,,,,,True,,,DIG16825-TMOGEYYObhPKjGHbGc2332nv.jpg,,,Foto: Bart Huysmans en Michel Wuyts,,,
/Users/alina/Desktop/nazomerse-werksessies/4_donderdag/beelden klaar voor publicatie/WorkspaceBarok/DIG16826-S1JPdKPSebZU35sQYJlkgSjU.jpg,,,,,,True,,,DIG16826-S1JPdKPSebZU35sQYJlkgSjU.jpg,,,Foto: Bart Huysmans en Michel Wuyts,,,
/Users/alina/Desktop/nazomerse-werksessies/4_donderdag/beelden klaar voor publicatie/WorkspaceBarok/DIG16827-Z1KUlvZRmbaS8GX8tSD1Ec6T.jpg,,,,,,True,,,DIG16827-Z1KUlvZRmbaS8GX8tSD1Ec6T.jpg,,,Foto: Bart Huysmans en Michel Wuyts,,,
/Users/alina/Desktop/nazomerse-werksessies/4_donderdag/beelden klaar voor publicatie/WorkspaceBarok/DIG16828-q2WfOlrELYUHPHD5VXST1UGS.jpg,,,,,,True,,,DIG16828-q2WfOlrELYUHPHD5VXST1UGS.jpg,,,Foto: Bart Huysmans en Michel Wuyts,,,
/Users/alina/Desktop/nazomerse-werksessies/4_donderdag/beelden klaar voor publicatie/WorkspaceBarok/DIG16854-d1LGQkbxbOROLSdWMB96ThhI.jpg,,,,,,True,,,DIG16854-d1LGQkbxbOROLSdWMB96ThhI.jpg,,,Foto: Bart Huysmans en Michel Wuyts,,,
/Users/alina/Desktop/nazomerse-werksessies/4_donderdag/beelden klaar voor publicatie/WorkspaceBarok/DIG16882-MJkjkLThcXNUQNmGK2OMS235.jpg,,,,,,True,,,DIG16882-MJkjkLThcXNUQNmGK2OMS235.jpg,,,Foto: Bart Huysmans en Michel Wuyts,,,
/Users/alina/Desktop/nazomerse-werksessies/4_donderdag/beelden klaar voor publicatie/WorkspaceBarok/DIG16883-WW6MdT9dFLShMXnVZkkvX5LQ.jpg,,,,,,True,,,DIG16883-WW6MdT9dFLShMXnVZkkvX5LQ.jpg,,,Foto: Bart Huysmans en Michel Wuyts,,,
/Users/alina/Desktop/nazomerse-werksessies/4_donderdag/beelden klaar voor publicatie/WorkspaceBarok/DIG16884-P1jcNG4HJFwBAETNkI2xfUhN.jpg,,,,,,True,,,DIG16884-P1jcNG4HJFwBAETNkI2xfUhN.jpg,,,Foto: Bart Huysmans en Michel Wuyts,,,
/Users/alina/Desktop/nazomerse-werksessies/4_donderdag/beelden klaar voor publicatie/WorkspaceBarok/DIG16885-X1XqdvJiYoDFrQXnVKsBQ9cc.jpg,,,,,,True,,,DIG16885-X1XqdvJiYoDFrQXnVKsBQ9cc.jpg,,,Foto: Bart Huysmans en Michel Wuyts,,,
/Users/alina/Desktop/nazomerse-werksessies/4_donderdag/beelden klaar voor publicatie/WorkspaceBarok/DIG16887-j1LMYtfDMOVXPDkzeWSOuUSM.jpg,,,,,,True,,,DIG16887-j1LMYtfDMOVXPDkzeWSOuUSM.jpg,,,Foto: Bart Huysmans en Michel Wuyts,,,
/Users/alina/Desktop/nazomerse-werksessies/4_donderdag/beelden klaar voor publicatie/WorkspaceBarok/DIG16920-zNHmTGjcKPqkDPdQ8DwihAp9.jpg,,,,,,True,,,DIG16920-zNHmTGjcKPqkDPdQ8DwihAp9.jpg,,,Foto: Bart Huysmans en Michel Wuyts,,,
/Users/alina/Desktop/nazomerse-werksessies/4_donderdag/beelden klaar voor publicatie/WorkspaceBarok/DIG16941-z27iMQdarwWpLQIPwIE3LTtc.jpg,,,,,,True,,,DIG16941-z27iMQdarwWpLQIPwIE3LTtc.jpg,,,Foto: Bart Huysmans en Michel Wuyts,,,
/Users/alina/Desktop/nazomerse-werksessies/4_donderdag/beelden klaar voor publicatie/WorkspaceBarok/DIG16946-x2RIVLYKj9lmBSpaPKn4Zw1b.jpg,,,,,,,,,DIG16946-x2RIVLYKj9lmBSpaPKn4Zw1b.jpg,,,Foto: Bart Huysmans en Michel Wuyts,,,
/Users/alina/Desktop/nazomerse-werksessies/4_donderdag/beelden klaar voor publicatie/WorkspaceBarok/DIG16947-A1AbaV2NpMWngPBgrKMPWKvY.jpg,,,,,,True,,,DIG16947-A1AbaV2NpMWngPBgrKMPWKvY.jpg,,,Foto: Bart Huysmans en Michel Wuyts,,,
/Users/alina/Desktop/nazomerse-werksessies/4_donderdag/beelden klaar voor publicatie/WorkspaceBarok/DIG16953-KL8LxoPSb7rB7NRSUr4qSzEM.jpg,,,,,,True,,,DIG16953-KL8LxoPSb7rB7NRSUr4qSzEM.jpg,,,Foto: Bart Huysmans en Michel Wuyts,,,
/Users/alina/Desktop/nazomerse-werksessies/4_donderdag/beelden klaar voor publicatie/WorkspaceBarok/MMB.1048-PFchdgom8HSYaPsqBGbNPGNT.jpg,,,,,,,,,MMB.1048-PFchdgom8HSYaPsqBGbNPGNT.jpg,,,,,,
/Users/alina/Desktop/nazomerse-werksessies/4_donderdag/beelden klaar voor publicatie/WorkspaceBarok/MMB.1055-j1ZTJVhVZhFOKJPORVJomUhM.jpg,,,,,,,,,MMB.1055-j1ZTJVhVZhFOKJPORVJomUhM.jpg,,,,,,
/Users/alina/Desktop/nazomerse-werksessies/4_donderdag/beelden klaar voor publicatie/WorkspaceBarok/MPM_V_IV_047-u1fjPTHaGcNTccCbmXYu4gey.jpg,,,,,,False,,,MPM_V_IV_047-u1fjPTHaGcNTccCbmXYu4gey.jpg,,,,,,
/Users/alina/Desktop/nazomerse-werksessies/4_donderdag/beelden klaar voor publicatie/WorkspaceBarok/MPM_V_IV_075_De_vier_filosofen_00001-z2KehKU8CVpcm7NZlFDFOKIO.jpg,,,,,,False,,,MPM_V_IV_075_De_vier_filosofen_00001-z2KehKU8CVpcm7NZlFDFOKIO.jpg,,,,,,
/Users/alina/Desktop/nazomerse-werksessies/4_donderdag/beelden klaar voor publicatie/WorkspaceBarok/MPM_V_VI_01_002_Bononiensis_00001_19696x9591pix-M2MqqUJAPTtBIiFSQcxqptum.jpg,,,,,,False,,,MPM_V_VI_01_002_Bononiensis_00001_19696x9591pix-M2MqqUJAPTtBIiFSQcxqptum.jpg,,,,,,
/Users/alina/Desktop/nazomerse-werksessies/4_donderdag/beelden klaar voor publicatie/WorkspaceBarok/PK_MT_04323-MSDZecYyICaU7PInWr9zQK0Y.jpg,,,,,,,,,PK_MT_04323-MSDZecYyICaU7PInWr9zQK0Y.jpg,,,,,,
/Users/alina/Desktop/nazomerse-werksessies/4_donderdag/beelden klaar voor publicatie/WorkspaceBarok/PK_OP_01727-Y2WMV88NeORUhJ4gVKaQVf5T.jpg,,,,,,,,,PK_OP_01727-Y2WMV88NeORUhJ4gVKaQVf5T.jpg,,,,,,
/Users/alina/Desktop/nazomerse-werksessies/4_donderdag/beelden klaar voor publicatie/WorkspaceBarok/PK_OP_13002-Z2UHTBJVieaTMrimOrJGVbrs.jpg,,,,,,,,,PK_OP_13002-Z2UHTBJVieaTMrimOrJGVbrs.jpg,,,,,,
/Users/alina/Desktop/nazomerse-werksessies/4_donderdag/beelden klaar voor publicatie/WorkspaceBarok/PK_OP_14087-X1KOGQMpXW7X8bRXUV05RpHB.jpg,,,,,,,,,PK_OP_14087-X1KOGQMpXW7X8bRXUV05RpHB.jpg,,,,,,
/Users/alina/Desktop/nazomerse-werksessies/4_donderdag/beelden klaar voor publicatie/WorkspaceBarok/PK_OP_14792-S7VgWZujluYTiGnUTRe6RmWM.jpg,,,,,,False,,,PK_OP_14792-S7VgWZujluYTiGnUTRe6RmWM.jpg,,,,,,
/Users/alina/Desktop/nazomerse-werksessies/4_donderdag/beelden klaar voor publicatie/WorkspaceBarok/PK_OP_14794-W2SDfZm6NLaQbk6URehjfze5.jpg,,,,,,,,,PK_OP_14794-W2SDfZm6NLaQbk6URehjfze5.jpg,,,,,,
/Users/alina/Desktop/nazomerse-werksessies/4_donderdag/beelden klaar voor publicatie/WorkspaceBarok/PK_OP_14915-TUgWvUCmHbvTEXa9qO4CLxLi.jpg,,,,,,,,,PK_OP_14915-TUgWvUCmHbvTEXa9qO4CLxLi.jpg,,,,,,
/Users/alina/Desktop/nazomerse-werksessies/4_donderdag/beelden klaar voor publicatie/WorkspaceBarok/PK_OP_16821-SeaeeQLX9XjLLzbFMNEf0ufQ.jpg,,,,,,,,,PK_OP_16821-SeaeeQLX9XjLLzbFMNEf0ufQ.jpg,,,,,,
/Users/alina/Desktop/nazomerse-werksessies/4_donderdag/beelden klaar voor publicatie/WorkspaceBarok/PK_OP_17822-nYWZlcgRfbMPFeVgWs9ER2ZP.jpg,,,,,,False,,,PK_OP_17822-nYWZlcgRfbMPFeVgWs9ER2ZP.jpg,,,,,,
/Users/alina/Desktop/nazomerse-werksessies/4_donderdag/beelden klaar voor publicatie/WorkspaceBarok/PK_OP_17882-wXwULfiOYnh1oQTWgiSm2qcB.jpg,,,,,,,,,PK_OP_17882-wXwULfiOYnh1oQTWgiSm2qcB.jpg,,,,,,
/Users/alina/Desktop/nazomerse-werksessies/4_donderdag/beelden klaar voor publicatie/WorkspaceBarok/PK_OP_18336-webLgQTSYXsFWirIoj3NscA8.jpg,,,,,,,,,PK_OP_18336-webLgQTSYXsFWirIoj3NscA8.jpg,,,,,,
/Users/alina/Desktop/nazomerse-werksessies/4_donderdag/beelden klaar voor publicatie/WorkspaceBarok/PK_OP_18896-D2PR8jNMgPITXISJWMHbloJQ.jpg,,,,,,False,,,PK_OP_18896-D2PR8jNMgPITXISJWMHbloJQ.jpg,,,,,,
/Users/alina/Desktop/nazomerse-werksessies/4_donderdag/beelden klaar voor publicatie/WorkspaceBarok/PK_OP_18926-I1aVryKhFaPnWB9pVj1qI37I.jpg,,,,,,,,,PK_OP_18926-I1aVryKhFaPnWB9pVj1qI37I.jpg,,,,,,
/Users/alina/Desktop/nazomerse-werksessies/4_donderdag/beelden klaar voor publicatie/WorkspaceBarok/PK_OP_19072-T2lPbeDWXaURJMXhbCQXCofC.jpg,,,,,,False,,,PK_OP_19072-T2lPbeDWXaURJMXhbCQXCofC.jpg,,,,,,
/Users/alina/Desktop/nazomerse-werksessies/4_donderdag/beelden klaar voor publicatie/WorkspaceBarok/PK_OP_19571-j2HYFKNUNwlSRbKBWfdwebdU.jpg,,,,,,False,,,PK_OP_19571-j2HYFKNUNwlSRbKBWfdwebdU.jpg,,,,,,
/Users/alina/Desktop/nazomerse-werksessies/4_donderdag/beelden klaar voor publicatie/WorkspaceBarok/PK_OP_20111-F2VqHTDbAahbPPIVUYRGTrhs.jpg,,,,,,,,,PK_OP_20111-F2VqHTDbAahbPPIVUYRGTrhs.jpg,,,,,,
/Users/alina/Desktop/nazomerse-werksessies/4_donderdag/beelden klaar voor publicatie/WorkspaceBarok/PK_OP_20158-k1xNPHRQxWccWZnNzB9vZSHT.jpg,,,,,,,,,PK_OP_20158-k1xNPHRQxWccWZnNzB9vZSHT.jpg,,,,,,
/Users/alina/Desktop/nazomerse-werksessies/4_donderdag/beelden klaar voor publicatie/WorkspaceBarok/PK_OS_0192_005-R4WliIWNXPSViSamkGD0TGBV.jpg,,,,,,,,,PK_OS_0192_005-R4WliIWNXPSViSamkGD0TGBV.jpg,,,,,,
/Users/alina/Desktop/nazomerse-werksessies/4_donderdag/beelden klaar voor publicatie/WorkspaceBarok/PK_OT_00005-H1hCNcXkWiZcd9XHhX1Uc1cy.jpg,,,,,,,,,PK_OT_00005-H1hCNcXkWiZcd9XHhX1Uc1cy.jpg,,,,,,
/Users/alina/Desktop/nazomerse-werksessies/4_donderdag/beelden klaar voor publicatie/WorkspaceBarok/PK_OT_00076-U1aWqPUZeSYmjMQPeoFfUsKx.jpg,,,,,,,,,PK_OT_00076-U1aWqPUZeSYmjMQPeoFfUsKx.jpg,,,,,,
/Users/alina/Desktop/nazomerse-werksessies/4_donderdag/beelden klaar voor publicatie/WorkspaceBarok/PK_OT_00077-n1meZKZdZVajKWPeHU3gdHwL.jpg,,,,,,,,,PK_OT_00077-n1meZKZdZVajKWPeHU3gdHwL.jpg,,,,,,
/Users/alina/Desktop/nazomerse-werksessies/4_donderdag/beelden klaar voor publicatie/WorkspaceBarok/PK_OT_00107-B1XmXdpHVjbpXYbgFIDJoHrk.jpg,,,,,,,,,PK_OT_00107-B1XmXdpHVjbpXYbgFIDJoHrk.jpg,,,,,,
/Users/alina/Desktop/nazomerse-werksessies/4_donderdag/beelden klaar voor publicatie/WorkspaceBarok/PK_OT_00109-YlpRajglEbOqfkEYVRa0iacM.jpg,,,,,,,,,PK_OT_00109-YlpRajglEbOqfkEYVRa0iacM.jpg,,,,,,
/Users/alina/Desktop/nazomerse-werksessies/4_donderdag/beelden klaar voor publicatie/WorkspaceBarok/PK_OT_00110-R2FlNUQcnOUvVoKEUbSpLjtw.jpg,,,,,,,,,PK_OT_00110-R2FlNUQcnOUvVoKEUbSpLjtw.jpg,,,,,,
/Users/alina/Desktop/nazomerse-werksessies/4_donderdag/beelden klaar voor publicatie/WorkspaceBarok/PK_OT_00118-iKxOLaGJpgmAiZlHd56hgHDs.jpg,,,,,,,,,PK_OT_00118-iKxOLaGJpgmAiZlHd56hgHDs.jpg,,,,,,
/Users/alina/Desktop/nazomerse-werksessies/4_donderdag/beelden klaar voor publicatie/WorkspaceBarok/PK_OT_00120-e1TaUbA1REDiVQHxffVhGLLD.jpg,,,,,,,,,PK_OT_00120-e1TaUbA1REDiVQHxffVhGLLD.jpg,,,,,,
/Users/alina/Desktop/nazomerse-werksessies/4_donderdag/beelden klaar voor publicatie/WorkspaceBarok/PK_OT_00122-H1GY7EWWRbScUmyFWg1oXuhv.jpg,,,,,,,,,PK_OT_00122-H1GY7EWWRbScUmyFWg1oXuhv.jpg,,,,,,
/Users/alina/Desktop/nazomerse-werksessies/4_donderdag/beelden klaar voor publicatie/WorkspaceBarok/PK_OT_00123-g1AoIeTjVNdZBhTYOiZKwAET.jpg,,,,,,,,,PK_OT_00123-g1AoIeTjVNdZBhTYOiZKwAET.jpg,,,,,,
/Users/alina/Desktop/nazomerse-werksessies/4_donderdag/beelden klaar voor publicatie/WorkspaceBarok/PK_OT_00134-Z2cEYJRJkWUXDU7WqYt6LetD.jpg,,,,,,,,,PK_OT_00134-Z2cEYJRJkWUXDU7WqYt6LetD.jpg,,,,,,
/Users/alina/Desktop/nazomerse-werksessies/4_donderdag/beelden klaar voor publicatie/WorkspaceBarok/PK_OT_00160-M1BJRWWVHCRTi7JiVl5kR5QT.jpg,,,,,,,,,PK_OT_00160-M1BJRWWVHCRTi7JiVl5kR5QT.jpg,,,,,,
/Users/alina/Desktop/nazomerse-werksessies/4_donderdag/beelden klaar voor publicatie/WorkspaceBarok/PK_OT_00161-t2fjEWAPObKeWHPQJRBUXyHs.jpg,,,,,,,,,PK_OT_00161-t2fjEWAPObKeWHPQJRBUXyHs.jpg,,,,,,
/Users/alina/Desktop/nazomerse-werksessies/4_donderdag/beelden klaar voor publicatie/WorkspaceBarok/PK_OT_00163-o2ReRPbhXicXCErrbsWvp6IJ.jpg,,,,,,,,,PK_OT_00163-o2ReRPbhXicXCErrbsWvp6IJ.jpg,,,,,,
/Users/alina/Desktop/nazomerse-werksessies/4_donderdag/beelden klaar voor publicatie/WorkspaceBarok/PK_OT_00180-rOujLgGmDcafVfmSW7GJddsP.jpg,,,,,,,,,PK_OT_00180-rOujLgGmDcafVfmSW7GJddsP.jpg,,,,,,
/Users/alina/Desktop/nazomerse-werksessies/4_donderdag/beelden klaar voor publicatie/WorkspaceBarok/PK_OT_00203-t29SQfAHOvHcsZdUCTEOh5ok.jpg,,,,,,,,,PK_OT_00203-t29SQfAHOvHcsZdUCTEOh5ok.jpg,,,,,,
/Users/alina/Desktop/nazomerse-werksessies/4_donderdag/beelden klaar voor publicatie/WorkspaceBarok/PK_OT_00217-w2pZPUjUaNlFSMLIZt62njof.jpg,,,,,,,,,PK_OT_00217-w2pZPUjUaNlFSMLIZt62njof.jpg,,,,,,
/Users/alina/Desktop/nazomerse-werksessies/4_donderdag/beelden klaar voor publicatie/WorkspaceBarok/PK_OT_00223-i2DRhYbAbSMZbpXYaVMtmo9H.jpg,,,,,,,,,PK_OT_00223-i2DRhYbAbSMZbpXYaVMtmo9H.jpg,,,,,,
/Users/alina/Desktop/nazomerse-werksessies/4_donderdag/beelden klaar voor publicatie/WorkspaceBarok/PK_OT_00233-o2TbeWSkjGgPglMZnTPk0k39.jpg,,,,,,,,,PK_OT_00233-o2TbeWSkjGgPglMZnTPk0k39.jpg,,,,,,
/Users/alina/Desktop/nazomerse-werksessies/4_donderdag/beelden klaar voor publicatie/WorkspaceBarok/PK_OT_00239-g1a7WPaYlZYnAneriGmlDU8Y.jpg,,,,,,,,,PK_OT_00239-g1a7WPaYlZYnAneriGmlDU8Y.jpg,,,,,,
/Users/alina/Desktop/nazomerse-werksessies/4_donderdag/beelden klaar voor publicatie/WorkspaceBarok/PK_OT_00242-NUWRd9kgFhIHHwhrVx1hfApi.jpg,,,,,,,,,PK_OT_00242-NUWRd9kgFhIHHwhrVx1hfApi.jpg,,,,,,
/Users/alina/Desktop/nazomerse-werksessies/4_donderdag/beelden klaar voor publicatie/WorkspaceBarok/PK_OT_00258-TdbDodAEVZNdBP9IjGPzzsNF.jpg,,,,,,,,,PK_OT_00258-TdbDodAEVZNdBP9IjGPzzsNF.jpg,,,,,,
/Users/alina/Desktop/nazomerse-werksessies/4_donderdag/beelden klaar voor publicatie/WorkspaceBarok/PK_OT_00363-l1nXXbadZIneWERpSAtGotvq.jpg,,,,,,,,,PK_OT_00363-l1nXXbadZIneWERpSAtGotvq.jpg,,,,,,
/Users/alina/Desktop/nazomerse-werksessies/4_donderdag/beelden klaar voor publicatie/WorkspaceBarok/PK_OT_00371-E1QnhlHHZbbiIYUJVjpXUOpP.jpg,,,,,,,,,PK_OT_00371-E1QnhlHHZbbiIYUJVjpXUOpP.jpg,,,,,,
/Users/alina/Desktop/nazomerse-werksessies/4_donderdag/beelden klaar voor publicatie/WorkspaceBarok/PK_OT_00529-addkNTBdWCDTnYsgYKnb2Dm7.jpg,,,,,,,,,PK_OT_00529-addkNTBdWCDTnYsgYKnb2Dm7.jpg,,,,,,
/Users/alina/Desktop/nazomerse-werksessies/4_donderdag/beelden klaar voor publicatie/WorkspaceBarok/PK_OT_00535-Q26UcvScUdfpgEeaiDPgd0UE.jpg,,,,,,,,,PK_OT_00535-Q26UcvScUdfpgEeaiDPgd0UE.jpg,,,,,,
/Users/alina/Desktop/nazomerse-werksessies/4_donderdag/beelden klaar voor publicatie/WorkspaceBarok/PK_OT_00537-P2H8QlZAduUURJHZbEvmFGLa.jpg,,,,,,,,,PK_OT_00537-P2H8QlZAduUURJHZbEvmFGLa.jpg,,,,,,
/Users/alina/Desktop/nazomerse-werksessies/4_donderdag/beelden klaar voor publicatie/WorkspaceBarok/PK_OT_00538-f1XcBPbBTWWfQQGaRT0AhKl7.jpg,,,,,,,,,PK_OT_00538-f1XcBPbBTWWfQQGaRT0AhKl7.jpg,,,,,,
/Users/alina/Desktop/nazomerse-werksessies/4_donderdag/beelden klaar voor publicatie/WorkspaceBarok/PK_OT_00573-eAPXZkFPIEoETW9Ma8EBeVjf.jpg,,,,,,,,,PK_OT_00573-eAPXZkFPIEoETW9Ma8EBeVjf.jpg,,,,,,
/Users/alina/Desktop/nazomerse-werksessies/4_donderdag/beelden klaar voor publicatie/WorkspaceBarok/PK_OT_00693-JGOUe8rQoWVTvnRXYgN5Vaza.jpg,,,,,,,,,PK_OT_00693-JGOUe8rQoWVTvnRXYgN5Vaza.jpg,,,,,,
/Users/alina/Desktop/nazomerse-werksessies/4_donderdag/beelden klaar voor publicatie/WorkspaceBarok/PK_OT_00717-s1LKYhWVUPVFPIeWiXk05n2a.jpg,,,,,,,,,PK_OT_00717-s1LKYhWVUPVFPIeWiXk05n2a.jpg,,,,,,
/Users/alina/Desktop/nazomerse-werksessies/4_donderdag/beelden klaar voor publicatie/WorkspaceBarok/PK_OT_00826-p2ESJUapRV1FPOXQoU1dBzGM.jpg,,,,,,,,,PK_OT_00826-p2ESJUapRV1FPOXQoU1dBzGM.jpg,,,,,,
/Users/alina/Desktop/nazomerse-werksessies/4_donderdag/beelden klaar voor publicatie/WorkspaceBarok/PK_OT_01250-IYQaobLUDUIO5B3KN5ujRlwA.jpg,,,,,,,,,PK_OT_01250-IYQaobLUDUIO5B3KN5ujRlwA.jpg,,,,,,
/Users/alina/Desktop/nazomerse-werksessies/4_donderdag/beelden klaar voor publicatie/WorkspaceBarok/PK_OT_01299-f1QbHKlTT9XTdPapwUNRUf2g.jpg,,,,,,,,,PK_OT_01299-f1QbHKlTT9XTdPapwUNRUf2g.jpg,,,,,,
/Users/alina/Desktop/nazomerse-werksessies/4_donderdag/beelden klaar voor publicatie/WorkspaceBarok/PK_OT_02229-q2jiUKdIWB7VTFPnVbR3Ho68.jpg,,,,,,,,,PK_OT_02229-q2jiUKdIWB7VTFPnVbR3Ho68.jpg,,,,,,
/Users/alina/Desktop/nazomerse-werksessies/4_donderdag/beelden klaar voor publicatie/WorkspaceBarok/PK_OT_02235-f1PUTXk7TfROcakReMWvGubQ.jpg,,,,,,,,,PK_OT_02235-f1PUTXk7TfROcakReMWvGubQ.jpg,,,,,,
/Users/alina/Desktop/nazomerse-werksessies/4_donderdag/beelden klaar voor publicatie/WorkspaceBarok/PK_RH_P_536-a1cPdXEoUWpZWPQdqXKEVuRj.jpg,,,,,,,,,PK_RH_P_536-a1cPdXEoUWpZWPQdqXKEVuRj.jpg,,,,,,
/Users/alina/Desktop/nazomerse-werksessies/4_donderdag/beelden klaar voor publicatie/WorkspaceBarok/RSL_2008_001_003-W27cYJSQjLf8WTVYWRhhErrf.jpg,,,,,,,,,RSL_2008_001_003-W27cYJSQjLf8WTVYWRhhErrf.jpg,,,,,,
/Users/alina/Desktop/nazomerse-werksessies/4_donderdag/beelden klaar voor publicatie/WorkspaceBarok/RSL_2008_001_004-Z1ObLfUWVqYcUhYskeJNZdG4.jpg,,,,,,,,,RSL_2008_001_004-Z1ObLfUWVqYcUhYskeJNZdG4.jpg,,,,,,
/Users/alina/Desktop/nazomerse-werksessies/4_donderdag/beelden klaar voor publicatie/WorkspaceBarok/RSL_2011_021_050_03_12-o1eUslaWHIUCQSmHIpED9djO.jpg,,,,,,,,,RSL_2011_021_050_03_12-o1eUslaWHIUCQSmHIpED9djO.jpg,,,,,,
/Users/alina/Desktop/nazomerse-werksessies/4_donderdag/beelden klaar voor publicatie/WorkspaceBarok/RSL_2011_021_050_07_12-s24cJpKZWSRzbSLagJYijeAT.jpg,uuid:faf5bdd5-ba3d-11da-ad31-d33d75182f1b,,,,,,,,RSL_2011_021_050_07_12-s24cJpKZWSRzbSLagJYijeAT.jpg,,,,,,
/Users/alina/Desktop/nazomerse-werksessies/4_donderdag/beelden klaar voor publicatie/WorkspaceBarok/RSL_2011_021_078-P1WFTVpfhaLhSWdEvnXXNqzx.jpg,,,,,,,,,RSL_2011_021_078-P1WFTVpfhaLhSWdEvnXXNqzx.jpg,,,,,,
/Users/alina/Desktop/nazomerse-werksessies/4_donderdag/beelden klaar voor publicatie/WorkspaceBarok/RSL_2011_025_247-J2PpEVjXXagLRVuIM6wi6DIc.jpg,,,,,,,,,RSL_2011_025_247-J2PpEVjXXagLRVuIM6wi6DIc.jpg,,,,,,
/Users/alina/Desktop/nazomerse-werksessies/4_donderdag/beelden klaar voor publicatie/WorkspaceBarok/RSL_2011_025_268-t1WGUZJRcVSJT1avY9rRXPuO.jpg,,,,,,,,,RSL_2011_025_268-t1WGUZJRcVSJT1avY9rRXPuO.jpg,,,,,,
